Locus,Intercept,Slope
DYS576,0.006698649,0
DYS389I,0,0
DYS635,0,0
DYS389II,0,0
DYS627,0.014642991,0
DYS460,0.004129551,0
DYS458,0,0
DYS19,0.067050741,0
YGATAH4,0,0
DYS448,0.005336469,0
DYS391,0,0
DYS456,0,0
DYS390,0,0
DYS438,0.005088396,0
DYS392,0,0
DYS518,0,0
DYS570,0,0
DYS437,0,0
DYS385,0,0
DYS449,0,0
DYS393,0,0
DYS439,0.003657554,0
DYS481,0,0
DYF387S1,0,0
DYS533,0,0
