Locus,Intercept,Slope
DYS576,0.01180649,0
DYS389I,0.008582323,0
DYS635,0.008374934,0
DYS389II,0.010956175,0
DYS627,0.010405494,0
DYS460,0.010274412,0
DYS458,0.007640656,0
DYS19,0.011723245,0
YGATAH4,0.008833371,0
DYS448,0.013820568,0
DYS391,0.007041687,0
DYS456,0.02035086,0
DYS390,0.007886128,0
DYS438,0.004727882,0
DYS392,0.058582492,0
DYS518,0.018668027,0
DYS570,0.010493825,0
DYS437,0.005933454,0
DYS385,0.008063978,0
DYS449,0.014674826,0
DYS393,0.019674217,0
DYS439,0.011578591,0
DYS481,0.024579961,0
DYF387S1,0.013642912,0
DYS533,0.010490761,0
