Locus,Intercept,Slope
DYS576,0.003122669,0
DYS389I,0,0
DYS635,0.006328327,0
DYS389II,0.005714395,0
DYS627,0.005294151,0
DYS460,0.002547877,0
DYS458,0.002455633,0
DYS19,0,0
YGATAH4,0.003559143,0
DYS448,0,0
DYS391,0,0
DYS456,0.004378838,0
DYS390,0,0
DYS438,0,0
DYS392,0,0
DYS518,0,0
DYS570,0.005832603,0
DYS437,0.003510498,0
DYS385,0.006784131,0
DYS449,0.004333248,0
DYS393,0.003255247,0
DYS439,0,0
DYS481,-0.013278219,0.000852534
DYF387S1,-0.093308639,0.002591479
DYS533,0.009017432,0
