Locus,Intercept,Slope
DYS576,-0.042817348,0.008543031
DYS389I,-0.105682357,0.013108141
DYS635,-0.08161008,0.007423513
DYS389II,-0.179416543,0.010993129
DYS627,-0.066251142,0.008129607
DYS460,-0.063420509,0.013454771
DYS458,-0.033510235,0.008566395
DYS19,-0.083702208,0.011520657
YGATAH4,-0.060672792,0.012249344
DYS448,-0.029037621,0.002941986
DYS391,-0.057989065,0.01220887
DYS456,-0.063312916,0.011892493
DYS390,-0.162782011,0.011034199
DYS438,-0.026490609,0.005691016
DYS392,-0.111903851,0.016912893
DYS518,-0.145607571,0.008505177
DYS570,-0.031467642,0.008105729
DYS437,-0.10756399,0.010877327
DYS385,-0.039560741,0.009907359
DYS449,-0.058480607,0.007637006
DYS393,-0.064913841,0.012829908
DYS439,-0.055181785,0.010647082
DYS481,-0.10468552,0.013017194
DYF387S1,-0.159756414,0.007128835
DYS533,-0.052409926,0.011575175
