Locus,Intercept,Slope
DYS576,0,0
DYS389I,0,0
DYS635,0,0
DYS389II,0,0
DYS627,0,0
DYS460,0,0
DYS458,0,0
DYS19,0.008116734,0
YGATAH4,0,0
DYS448,0,0
DYS391,0,0
DYS456,0,0
DYS390,0,0
DYS438,0,0
DYS392,0.005795591,0
DYS518,0,0
DYS570,0,0
DYS437,0,0
DYS385,0.010767758,0
DYS449,0,0
DYS393,0.004326227,0
DYS439,0,0
DYS481,0.005236426,0
DYF387S1,0.01039988,0
DYS533,0.009165456,0
